dataset,metric,method_a,method_b,median_a,median_b,median_diff,p_two_sided,sig_bonferroni
ms_AAV,max_fitness_norm,AiCE,GreedyWalk,0.6549737453460693,0.6534225940704346,0.0015511512756347656,0.10943205840885639,False
ms_AAV,max_fitness_norm,AiCE,ftMLDE,0.6549737453460693,0.6229670941829681,0.032006651163101196,5.5925920605659485e-05,True
ms_AAV,max_fitness_norm,AiCE,AdaLead,0.6549737453460693,0.6143231987953186,0.04065054655075073,1.4193356037139893e-06,True
ms_AAV,max_fitness_norm,AiCE,MULTIevolve,0.6549737453460693,0.6014533638954163,0.053520381450653076,1.30385160446167e-08,True
ms_AAV,max_fitness_norm,AiCE,CLADE,0.6549737453460693,0.5974045991897583,0.057569146156311035,3.5390257835388184e-08,True
ms_AAV,max_fitness_norm,AiCE,ALDE,0.6549737453460693,0.5893817842006683,0.065591961145401,5.587935447692871e-09,True
ms_AAV,max_fitness_norm,AiCE,EVOLVEpro,0.6549737453460693,0.5869610011577606,0.06801274418830872,1.862645149230957e-09,True
ms_AAV,max_fitness_norm,AiCE,Random,0.6549737453460693,0.5718667507171631,0.08310699462890625,5.587935447692871e-09,True
ms_AAV,max_fitness_norm,GreedyWalk,ftMLDE,0.6534225940704346,0.6229670941829681,0.03045549988746643,0.019660815596580505,False
ms_AAV,max_fitness_norm,GreedyWalk,AdaLead,0.6534225940704346,0.6143231987953186,0.03909939527511597,0.005382779985666275,False
ms_AAV,max_fitness_norm,GreedyWalk,MULTIevolve,0.6534225940704346,0.6014533638954163,0.05196923017501831,1.8244609236717224e-05,True
ms_AAV,max_fitness_norm,GreedyWalk,CLADE,0.6534225940704346,0.5974045991897583,0.05601799488067627,5.144625902175903e-06,True
ms_AAV,max_fitness_norm,GreedyWalk,ALDE,0.6534225940704346,0.5893817842006683,0.06404080986976624,1.30385160446167e-07,True
ms_AAV,max_fitness_norm,GreedyWalk,EVOLVEpro,0.6534225940704346,0.5869610011577606,0.06646159291267395,2.0489096641540527e-07,True
ms_AAV,max_fitness_norm,GreedyWalk,Random,0.6534225940704346,0.5718667507171631,0.08155584335327148,1.6391277313232422e-07,True
ms_AAV,max_fitness_norm,ftMLDE,AdaLead,0.6229670941829681,0.6143231987953186,0.008643895387649536,0.42795460671186447,False
ms_AAV,max_fitness_norm,ftMLDE,MULTIevolve,0.6229670941829681,0.6014533638954163,0.02151373028755188,0.0015832837671041489,False
ms_AAV,max_fitness_norm,ftMLDE,CLADE,0.6229670941829681,0.5974045991897583,0.02556249499320984,7.056817412376404e-05,True
ms_AAV,max_fitness_norm,ftMLDE,ALDE,0.6229670941829681,0.5893817842006683,0.033585309982299805,4.421919584274292e-06,True
ms_AAV,max_fitness_norm,ftMLDE,EVOLVEpro,0.6229670941829681,0.5869610011577606,0.03600609302520752,2.551823854446411e-07,True
ms_AAV,max_fitness_norm,ftMLDE,Random,0.6229670941829681,0.5718667507171631,0.051100343465805054,3.2391399145126343e-06,True
ms_AAV,max_fitness_norm,AdaLead,MULTIevolve,0.6143231987953186,0.6014533638954163,0.012869834899902344,0.007111456245183945,False
ms_AAV,max_fitness_norm,AdaLead,CLADE,0.6143231987953186,0.5974045991897583,0.016918599605560303,0.0050126127898693085,False
ms_AAV,max_fitness_norm,AdaLead,ALDE,0.6143231987953186,0.5893817842006683,0.02494141459465027,0.00016989745199680328,True
ms_AAV,max_fitness_norm,AdaLead,EVOLVEpro,0.6143231987953186,0.5869610011577606,0.027362197637557983,5.5925920605659485e-05,True
ms_AAV,max_fitness_norm,AdaLead,Random,0.6143231987953186,0.5718667507171631,0.04245644807815552,2.60770320892334e-08,True
ms_AAV,max_fitness_norm,MULTIevolve,CLADE,0.6014533638954163,0.5974045991897583,0.004048764705657959,0.5698575973510742,False
ms_AAV,max_fitness_norm,MULTIevolve,ALDE,0.6014533638954163,0.5893817842006683,0.012071579694747925,0.006639536470174789,False
ms_AAV,max_fitness_norm,MULTIevolve,EVOLVEpro,0.6014533638954163,0.5869610011577606,0.01449236273765564,0.007612137123942375,False
ms_AAV,max_fitness_norm,MULTIevolve,Random,0.6014533638954163,0.5718667507171631,0.029586613178253174,0.000283263623714447,True
ms_AAV,max_fitness_norm,CLADE,ALDE,0.5974045991897583,0.5893817842006683,0.008022814989089966,0.06056523136794567,False
ms_AAV,max_fitness_norm,CLADE,EVOLVEpro,0.5974045991897583,0.5869610011577606,0.01044359803199768,0.02084985189139843,False
ms_AAV,max_fitness_norm,CLADE,Random,0.5974045991897583,0.5718667507171631,0.025537848472595215,0.0014574769884347916,False
ms_AAV,max_fitness_norm,ALDE,EVOLVEpro,0.5893817842006683,0.5869610011577606,0.002420783042907715,0.7765688337385654,False
ms_AAV,max_fitness_norm,ALDE,Random,0.5893817842006683,0.5718667507171631,0.01751503348350525,0.09194962680339813,False
ms_AAV,max_fitness_norm,EVOLVEpro,Random,0.5869610011577606,0.5718667507171631,0.015094250440597534,0.03841841779649258,False
ms_CreiLOV,max_fitness_norm,AdaLead,ftMLDE,0.9651538133621216,0.9440926015377045,0.021061211824417114,2.6885420083999634e-05,True
ms_CreiLOV,max_fitness_norm,AdaLead,CLADE,0.9651538133621216,0.935441255569458,0.029712557792663574,3.5390257835388184e-08,True
ms_CreiLOV,max_fitness_norm,AdaLead,GreedyWalk,0.9651538133621216,0.9286376535892487,0.036516159772872925,8.009374141693115e-08,True
ms_CreiLOV,max_fitness_norm,AdaLead,MULTIevolve,0.9651538133621216,0.9215092658996582,0.04364454746246338,4.6566128730773926e-08,True
ms_CreiLOV,max_fitness_norm,AdaLead,AiCE,0.9651538133621216,0.9143250584602356,0.050828754901885986,1.862645149230957e-09,True
ms_CreiLOV,max_fitness_norm,AdaLead,EVOLVEpro,0.9651538133621216,0.9134450554847717,0.051708757877349854,1.862645149230957e-09,True
ms_CreiLOV,max_fitness_norm,AdaLead,ALDE,0.9651538133621216,0.9109160304069519,0.05423778295516968,5.587935447692871e-09,True
ms_CreiLOV,max_fitness_norm,AdaLead,Random,0.9651538133621216,0.870035707950592,0.09511810541152954,1.862645149230957e-09,True
ms_CreiLOV,max_fitness_norm,ftMLDE,CLADE,0.9440926015377045,0.935441255569458,0.00865134596824646,0.026665616912217905,False
ms_CreiLOV,max_fitness_norm,ftMLDE,GreedyWalk,0.9440926015377045,0.9286376535892487,0.01545494794845581,0.0003449581563472748,True
ms_CreiLOV,max_fitness_norm,ftMLDE,MULTIevolve,0.9440926015377045,0.9215092658996582,0.022583335638046265,0.004031794145703316,False
ms_CreiLOV,max_fitness_norm,ftMLDE,AiCE,0.9440926015377045,0.9143250584602356,0.029767543077468872,9.98377799987793e-07,True
ms_CreiLOV,max_fitness_norm,ftMLDE,EVOLVEpro,0.9440926015377045,0.9134450554847717,0.03064754605293274,2.60770320892334e-08,True
ms_CreiLOV,max_fitness_norm,ftMLDE,ALDE,0.9440926015377045,0.9109160304069519,0.033176571130752563,1.862645149230957e-09,True
ms_CreiLOV,max_fitness_norm,ftMLDE,Random,0.9440926015377045,0.870035707950592,0.07405689358711243,1.862645149230957e-09,True
ms_CreiLOV,max_fitness_norm,CLADE,GreedyWalk,0.935441255569458,0.9286376535892487,0.006803601980209351,0.09610157273709774,False
ms_CreiLOV,max_fitness_norm,CLADE,MULTIevolve,0.935441255569458,0.9215092658996582,0.013931989669799805,0.03272089920938015,False
ms_CreiLOV,max_fitness_norm,CLADE,AiCE,0.935441255569458,0.9143250584602356,0.021116197109222412,1.0609626770019531e-05,True
ms_CreiLOV,max_fitness_norm,CLADE,EVOLVEpro,0.935441255569458,0.9134450554847717,0.02199620008468628,1.1920928955078125e-06,True
ms_CreiLOV,max_fitness_norm,CLADE,ALDE,0.935441255569458,0.9109160304069519,0.024525225162506104,4.421919584274292e-06,True
ms_CreiLOV,max_fitness_norm,CLADE,Random,0.935441255569458,0.870035707950592,0.06540554761886597,1.862645149230957e-09,True
ms_CreiLOV,max_fitness_norm,GreedyWalk,MULTIevolve,0.9286376535892487,0.9215092658996582,0.007128387689590454,0.583757072687149,False
ms_CreiLOV,max_fitness_norm,GreedyWalk,AiCE,0.9286376535892487,0.9143250584602356,0.014312595129013062,0.00577649287879467,False
ms_CreiLOV,max_fitness_norm,GreedyWalk,EVOLVEpro,0.9286376535892487,0.9134450554847717,0.015192598104476929,0.000283263623714447,True
ms_CreiLOV,max_fitness_norm,GreedyWalk,ALDE,0.9286376535892487,0.9109160304069519,0.017721623182296753,0.0050126127898693085,False
ms_CreiLOV,max_fitness_norm,GreedyWalk,Random,0.9286376535892487,0.870035707950592,0.058601945638656616,5.587935447692871e-09,True
ms_CreiLOV,max_fitness_norm,MULTIevolve,AiCE,0.9215092658996582,0.9143250584602356,0.007184207439422607,0.01283373311161995,False
ms_CreiLOV,max_fitness_norm,MULTIevolve,EVOLVEpro,0.9215092658996582,0.9134450554847717,0.008064210414886475,0.007111456245183945,False
ms_CreiLOV,max_fitness_norm,MULTIevolve,ALDE,0.9215092658996582,0.9109160304069519,0.010593235492706299,0.026228994131088257,False
ms_CreiLOV,max_fitness_norm,MULTIevolve,Random,0.9215092658996582,0.870035707950592,0.05147355794906616,1.862645149230957e-09,True
ms_CreiLOV,max_fitness_norm,AiCE,EVOLVEpro,0.9143250584602356,0.9134450554847717,0.0008800029754638672,0.6408254038542509,False
ms_CreiLOV,max_fitness_norm,AiCE,ALDE,0.9143250584602356,0.9109160304069519,0.0034090280532836914,0.6554384250193834,False
ms_CreiLOV,max_fitness_norm,AiCE,Random,0.9143250584602356,0.870035707950592,0.044289350509643555,1.862645149230957e-09,True
ms_CreiLOV,max_fitness_norm,EVOLVEpro,ALDE,0.9134450554847717,0.9109160304069519,0.0025290250778198242,0.7000329215079546,False
ms_CreiLOV,max_fitness_norm,EVOLVEpro,Random,0.9134450554847717,0.870035707950592,0.04340934753417969,5.587935447692871e-09,True
ms_CreiLOV,max_fitness_norm,ALDE,Random,0.9109160304069519,0.870035707950592,0.04088032245635986,1.862645149230957e-09,True
ms_GFP,max_fitness_norm,AiCE,GreedyWalk,0.9500324130058289,0.8540210127830505,0.09601140022277832,1.862645149230957e-09,True
ms_GFP,max_fitness_norm,AiCE,Random,0.9500324130058289,0.838618129491806,0.11141428351402283,1.862645149230957e-09,True
ms_GFP,max_fitness_norm,AiCE,EVOLVEpro,0.9500324130058289,0.8187471628189087,0.13128525018692017,1.862645149230957e-09,True
ms_GFP,max_fitness_norm,AiCE,ALDE,0.9500324130058289,0.8124847412109375,0.13754767179489136,1.862645149230957e-09,True
ms_GFP,max_fitness_norm,AiCE,CLADE,0.9500324130058289,0.8124847412109375,0.13754767179489136,1.862645149230957e-09,True
ms_GFP,max_fitness_norm,AiCE,ftMLDE,0.9500324130058289,0.8124847412109375,0.13754767179489136,1.862645149230957e-09,True
ms_GFP,max_fitness_norm,AiCE,AdaLead,0.9500324130058289,0.8124847412109375,0.13754767179489136,1.862645149230957e-09,True
ms_GFP,max_fitness_norm,AiCE,MULTIevolve,0.9500324130058289,0.8124847412109375,0.13754767179489136,1.862645149230957e-09,True
ms_GFP,max_fitness_norm,GreedyWalk,Random,0.8540210127830505,0.838618129491806,0.015402883291244507,0.0817418442205618,False
ms_GFP,max_fitness_norm,GreedyWalk,EVOLVEpro,0.8540210127830505,0.8187471628189087,0.035273849964141846,7.03341409095573e-06,True
ms_GFP,max_fitness_norm,GreedyWalk,ALDE,0.8540210127830505,0.8124847412109375,0.04153627157211304,4.7156502428517155e-06,True
ms_GFP,max_fitness_norm,GreedyWalk,CLADE,0.8540210127830505,0.8124847412109375,0.04153627157211304,5.606116527496013e-06,True
ms_GFP,max_fitness_norm,GreedyWalk,ftMLDE,0.8540210127830505,0.8124847412109375,0.04153627157211304,5.606116527496013e-06,True
ms_GFP,max_fitness_norm,GreedyWalk,AdaLead,0.8540210127830505,0.8124847412109375,0.04153627157211304,5.606116527496013e-06,True
ms_GFP,max_fitness_norm,GreedyWalk,MULTIevolve,0.8540210127830505,0.8124847412109375,0.04153627157211304,5.606116527496013e-06,True
ms_GFP,max_fitness_norm,Random,EVOLVEpro,0.838618129491806,0.8187471628189087,0.01987096667289734,5.956977907456359e-05,True
ms_GFP,max_fitness_norm,Random,ALDE,0.838618129491806,0.8124847412109375,0.02613338828086853,5.30032340654538e-05,True
ms_GFP,max_fitness_norm,Random,CLADE,0.838618129491806,0.8124847412109375,0.02613338828086853,5.956977907456359e-05,True
ms_GFP,max_fitness_norm,Random,ftMLDE,0.838618129491806,0.8124847412109375,0.02613338828086853,5.956977907456359e-05,True
ms_GFP,max_fitness_norm,Random,AdaLead,0.838618129491806,0.8124847412109375,0.02613338828086853,5.956977907456359e-05,True
ms_GFP,max_fitness_norm,Random,MULTIevolve,0.838618129491806,0.8124847412109375,0.02613338828086853,5.956977907456359e-05,True
ms_GFP,max_fitness_norm,EVOLVEpro,ALDE,0.8187471628189087,0.8124847412109375,0.006262421607971191,0.5929800980174267,False
ms_GFP,max_fitness_norm,EVOLVEpro,CLADE,0.8187471628189087,0.8124847412109375,0.006262421607971191,0.6547208460185769,False
ms_GFP,max_fitness_norm,EVOLVEpro,ftMLDE,0.8187471628189087,0.8124847412109375,0.006262421607971191,0.28504940740261275,False
ms_GFP,max_fitness_norm,EVOLVEpro,AdaLead,0.8187471628189087,0.8124847412109375,0.006262421607971191,0.5929800980174267,False
ms_GFP,max_fitness_norm,EVOLVEpro,MULTIevolve,0.8187471628189087,0.8124847412109375,0.006262421607971191,0.17971249487899976,False
ms_GFP,max_fitness_norm,ALDE,CLADE,0.8124847412109375,0.8124847412109375,0.0,0.6547208460185769,False
ms_GFP,max_fitness_norm,ALDE,ftMLDE,0.8124847412109375,0.8124847412109375,0.0,0.6547208460185769,False
ms_GFP,max_fitness_norm,ALDE,AdaLead,0.8124847412109375,0.8124847412109375,0.0,0.6547208460185769,False
ms_GFP,max_fitness_norm,ALDE,MULTIevolve,0.8124847412109375,0.8124847412109375,0.0,0.31731050786291415,False
ms_GFP,max_fitness_norm,CLADE,ftMLDE,0.8124847412109375,0.8124847412109375,0.0,0.6547208460185769,False
ms_GFP,max_fitness_norm,CLADE,AdaLead,0.8124847412109375,0.8124847412109375,0.0,0.6547208460185769,False
ms_GFP,max_fitness_norm,CLADE,MULTIevolve,0.8124847412109375,0.8124847412109375,0.0,0.31731050786291415,False
ms_GFP,max_fitness_norm,ftMLDE,AdaLead,0.8124847412109375,0.8124847412109375,0.0,0.6547208460185769,False
ms_GFP,max_fitness_norm,ftMLDE,MULTIevolve,0.8124847412109375,0.8124847412109375,0.0,0.31731050786291415,False
ms_GFP,max_fitness_norm,AdaLead,MULTIevolve,0.8124847412109375,0.8124847412109375,0.0,0.31731050786291415,False
ms_PAB1,max_fitness_norm,AdaLead,ftMLDE,0.5646482706069946,0.549350917339325,0.015297353267669678,1.597777009010315e-05,True
ms_PAB1,max_fitness_norm,AdaLead,GreedyWalk,0.5646482706069946,0.527648389339447,0.03699988126754761,1.862645149230957e-09,True
ms_PAB1,max_fitness_norm,AdaLead,MULTIevolve,0.5646482706069946,0.5251003503799438,0.03954792022705078,3.5390257835388184e-08,True
ms_PAB1,max_fitness_norm,AdaLead,EVOLVEpro,0.5646482706069946,0.5013816654682159,0.06326660513877869,3.725290298461914e-09,True
ms_PAB1,max_fitness_norm,AdaLead,AiCE,0.5646482706069946,0.4925191402435303,0.07212913036346436,1.862645149230957e-09,True
ms_PAB1,max_fitness_norm,AdaLead,CLADE,0.5646482706069946,0.4868510514497757,0.07779721915721893,1.862645149230957e-09,True
ms_PAB1,max_fitness_norm,AdaLead,ALDE,0.5646482706069946,0.4675079882144928,0.09714028239250183,1.862645149230957e-09,True
ms_PAB1,max_fitness_norm,AdaLead,Random,0.5646482706069946,0.4181513637304306,0.14649690687656403,1.862645149230957e-09,True
ms_PAB1,max_fitness_norm,ftMLDE,GreedyWalk,0.549350917339325,0.527648389339447,0.02170252799987793,3.2391399145126343e-06,True
ms_PAB1,max_fitness_norm,ftMLDE,MULTIevolve,0.549350917339325,0.5251003503799438,0.024250566959381104,0.007612137123942375,False
ms_PAB1,max_fitness_norm,ftMLDE,EVOLVEpro,0.549350917339325,0.5013816654682159,0.04796925187110901,4.7124922275543213e-07,True
ms_PAB1,max_fitness_norm,ftMLDE,AiCE,0.549350917339325,0.4925191402435303,0.05683177709579468,9.313225746154785e-09,True
ms_PAB1,max_fitness_norm,ftMLDE,CLADE,0.549350917339325,0.4868510514497757,0.062499865889549255,1.862645149230957e-09,True
ms_PAB1,max_fitness_norm,ftMLDE,ALDE,0.549350917339325,0.4675079882144928,0.08184292912483215,3.725290298461914e-09,True
ms_PAB1,max_fitness_norm,ftMLDE,Random,0.549350917339325,0.4181513637304306,0.13119955360889435,1.862645149230957e-09,True
ms_PAB1,max_fitness_norm,GreedyWalk,MULTIevolve,0.527648389339447,0.5251003503799438,0.002548038959503174,0.22064675763249397,False
ms_PAB1,max_fitness_norm,GreedyWalk,EVOLVEpro,0.527648389339447,0.5013816654682159,0.02626672387123108,0.0027663204818964005,False
ms_PAB1,max_fitness_norm,GreedyWalk,AiCE,0.527648389339447,0.4925191402435303,0.03512924909591675,9.98377799987793e-07,True
ms_PAB1,max_fitness_norm,GreedyWalk,CLADE,0.527648389339447,0.4868510514497757,0.040797337889671326,6.146728992462158e-08,True
ms_PAB1,max_fitness_norm,GreedyWalk,ALDE,0.527648389339447,0.4675079882144928,0.060140401124954224,1.862645149230957e-08,True
ms_PAB1,max_fitness_norm,GreedyWalk,Random,0.527648389339447,0.4181513637304306,0.10949702560901642,1.862645149230957e-09,True
ms_PAB1,max_fitness_norm,MULTIevolve,EVOLVEpro,0.5251003503799438,0.5013816654682159,0.023718684911727905,0.00046010687947273254,True
ms_PAB1,max_fitness_norm,MULTIevolve,AiCE,0.5251003503799438,0.4925191402435303,0.032581210136413574,1.0244548320770264e-07,True
ms_PAB1,max_fitness_norm,MULTIevolve,CLADE,0.5251003503799438,0.4868510514497757,0.03824929893016815,3.725290298461914e-09,True
ms_PAB1,max_fitness_norm,MULTIevolve,ALDE,0.5251003503799438,0.4675079882144928,0.05759236216545105,1.862645149230957e-08,True
ms_PAB1,max_fitness_norm,MULTIevolve,Random,0.5251003503799438,0.4181513637304306,0.10694898664951324,1.862645149230957e-09,True
ms_PAB1,max_fitness_norm,EVOLVEpro,AiCE,0.5013816654682159,0.4925191402435303,0.008862525224685669,0.09194962680339813,False
ms_PAB1,max_fitness_norm,EVOLVEpro,CLADE,0.5013816654682159,0.4868510514497757,0.014530614018440247,0.00018860027194023132,True
ms_PAB1,max_fitness_norm,EVOLVEpro,ALDE,0.5013816654682159,0.4675079882144928,0.033873677253723145,3.2391399145126343e-06,True
ms_PAB1,max_fitness_norm,EVOLVEpro,Random,0.5013816654682159,0.4181513637304306,0.08323030173778534,1.862645149230957e-09,True
ms_PAB1,max_fitness_norm,AiCE,CLADE,0.4925191402435303,0.4868510514497757,0.005668088793754578,0.09610157273709774,False
ms_PAB1,max_fitness_norm,AiCE,ALDE,0.4925191402435303,0.4675079882144928,0.025011152029037476,9.90256667137146e-05,True
ms_PAB1,max_fitness_norm,AiCE,Random,0.4925191402435303,0.4181513637304306,0.07436777651309967,1.862645149230957e-09,True
ms_PAB1,max_fitness_norm,CLADE,ALDE,0.4868510514497757,0.4675079882144928,0.019343063235282898,0.0007978975772857666,True
ms_PAB1,max_fitness_norm,CLADE,Random,0.4868510514497757,0.4181513637304306,0.06869968771934509,1.862645149230957e-09,True
ms_PAB1,max_fitness_norm,ALDE,Random,0.4675079882144928,0.4181513637304306,0.049356624484062195,9.313225746154785e-09,True
